"Benchmark","Mode","Threads","Samples","Score","Score Error (99.9%)","Unit"
"hr.hrg.dialog.core.AllocationBenchmark.doubleWrite","thrpt",1,7,14.837368,0.140271,"ops/us"
"hr.hrg.dialog.core.AllocationBenchmark.doubleWrite:gc.alloc.rate","thrpt",1,7,679.074025,6.386986,"MB/sec"
"hr.hrg.dialog.core.AllocationBenchmark.doubleWrite:gc.alloc.rate.norm","thrpt",1,7,48.000469,0.000005,"B/op"
"hr.hrg.dialog.core.AllocationBenchmark.doubleWrite:gc.count","thrpt",1,7,8.000000,NaN,"counts"
"hr.hrg.dialog.core.AllocationBenchmark.doubleWrite:gc.time","thrpt",1,7,11.000000,NaN,"ms"
"hr.hrg.dialog.core.AllocationBenchmark.escapedJsonString","thrpt",1,7,22.508819,0.264972,"ops/us"
"hr.hrg.dialog.core.AllocationBenchmark.escapedJsonString:gc.alloc.rate","thrpt",1,7,0.006615,0.000007,"MB/sec"
"hr.hrg.dialog.core.AllocationBenchmark.escapedJsonString:gc.alloc.rate.norm","thrpt",1,7,0.000308,0.000004,"B/op"
"hr.hrg.dialog.core.AllocationBenchmark.escapedJsonString:gc.count","thrpt",1,7,0.000000,NaN,"counts"
"hr.hrg.dialog.core.AllocationBenchmark.fingerprintConsume","thrpt",1,7,1.774348,0.216625,"ops/us"
"hr.hrg.dialog.core.AllocationBenchmark.fingerprintConsume:gc.alloc.rate","thrpt",1,7,148.890721,18.175079,"MB/sec"
"hr.hrg.dialog.core.AllocationBenchmark.fingerprintConsume:gc.alloc.rate.norm","thrpt",1,7,88.003924,0.000468,"B/op"
"hr.hrg.dialog.core.AllocationBenchmark.fingerprintConsume:gc.count","thrpt",1,7,2.000000,NaN,"counts"
"hr.hrg.dialog.core.AllocationBenchmark.fingerprintConsume:gc.time","thrpt",1,7,3.000000,NaN,"ms"
"hr.hrg.dialog.core.AllocationBenchmark.fingerprintFromTraceReused","thrpt",1,7,1.845382,0.008659,"ops/us"
"hr.hrg.dialog.core.AllocationBenchmark.fingerprintFromTraceReused:gc.alloc.rate","thrpt",1,7,0.006614,0.000008,"MB/sec"
"hr.hrg.dialog.core.AllocationBenchmark.fingerprintFromTraceReused:gc.alloc.rate.norm","thrpt",1,7,0.003759,0.000018,"B/op"
"hr.hrg.dialog.core.AllocationBenchmark.fingerprintFromTraceReused:gc.count","thrpt",1,7,0.000000,NaN,"counts"
"hr.hrg.dialog.core.AllocationBenchmark.fingerprintReusedStream","thrpt",1,7,1.935190,0.012779,"ops/us"
"hr.hrg.dialog.core.AllocationBenchmark.fingerprintReusedStream:gc.alloc.rate","thrpt",1,7,162.383199,1.065423,"MB/sec"
"hr.hrg.dialog.core.AllocationBenchmark.fingerprintReusedStream:gc.alloc.rate.norm","thrpt",1,7,88.003581,0.000047,"B/op"
"hr.hrg.dialog.core.AllocationBenchmark.fingerprintReusedStream:gc.count","thrpt",1,7,2.000000,NaN,"counts"
"hr.hrg.dialog.core.AllocationBenchmark.fingerprintReusedStream:gc.time","thrpt",1,7,3.000000,NaN,"ms"
"hr.hrg.dialog.core.AllocationBenchmark.floatWrite","thrpt",1,7,26.493939,0.431869,"ops/us"
"hr.hrg.dialog.core.AllocationBenchmark.floatWrite:gc.alloc.rate","thrpt",1,7,808.392293,13.168207,"MB/sec"
"hr.hrg.dialog.core.AllocationBenchmark.floatWrite:gc.alloc.rate.norm","thrpt",1,7,32.000263,0.000005,"B/op"
"hr.hrg.dialog.core.AllocationBenchmark.floatWrite:gc.count","thrpt",1,7,10.000000,NaN,"counts"
"hr.hrg.dialog.core.AllocationBenchmark.floatWrite:gc.time","thrpt",1,7,14.000000,NaN,"ms"
"hr.hrg.dialog.core.AllocationBenchmark.getStackTraceCloneOnly","thrpt",1,7,87.165075,1.144023,"ops/us"
"hr.hrg.dialog.core.AllocationBenchmark.getStackTraceCloneOnly:gc.alloc.rate","thrpt",1,7,7313.867290,96.179965,"MB/sec"
"hr.hrg.dialog.core.AllocationBenchmark.getStackTraceCloneOnly:gc.alloc.rate.norm","thrpt",1,7,88.000080,0.000001,"B/op"
"hr.hrg.dialog.core.AllocationBenchmark.getStackTraceCloneOnly:gc.count","thrpt",1,7,59.000000,NaN,"counts"
"hr.hrg.dialog.core.AllocationBenchmark.getStackTraceCloneOnly:gc.time","thrpt",1,7,43.000000,NaN,"ms"
"hr.hrg.dialog.core.AllocationBenchmark.hashByteArray","thrpt",1,7,137.784910,0.668879,"ops/us"
"hr.hrg.dialog.core.AllocationBenchmark.hashByteArray:gc.alloc.rate","thrpt",1,7,0.006614,0.000005,"MB/sec"
"hr.hrg.dialog.core.AllocationBenchmark.hashByteArray:gc.alloc.rate.norm","thrpt",1,7,0.000050,0.000000,"B/op"
"hr.hrg.dialog.core.AllocationBenchmark.hashByteArray:gc.count","thrpt",1,7,0.000000,NaN,"counts"
"hr.hrg.dialog.core.AllocationBenchmark.hashCharArray","thrpt",1,7,34.287264,0.117350,"ops/us"
"hr.hrg.dialog.core.AllocationBenchmark.hashCharArray:gc.alloc.rate","thrpt",1,7,0.006607,0.000031,"MB/sec"
"hr.hrg.dialog.core.AllocationBenchmark.hashCharArray:gc.alloc.rate.norm","thrpt",1,7,0.000202,0.000001,"B/op"
"hr.hrg.dialog.core.AllocationBenchmark.hashCharArray:gc.count","thrpt",1,7,0.000000,NaN,"counts"
"hr.hrg.dialog.core.AllocationBenchmark.hashStringLatin1","thrpt",1,7,57.802637,0.291158,"ops/us"
"hr.hrg.dialog.core.AllocationBenchmark.hashStringLatin1:gc.alloc.rate","thrpt",1,7,0.006607,0.000048,"MB/sec"
"hr.hrg.dialog.core.AllocationBenchmark.hashStringLatin1:gc.alloc.rate.norm","thrpt",1,7,0.000120,0.000001,"B/op"
"hr.hrg.dialog.core.AllocationBenchmark.hashStringLatin1:gc.count","thrpt",1,7,0.000000,NaN,"counts"
"hr.hrg.dialog.core.AllocationBenchmark.hashStringUtf16","thrpt",1,7,49.886858,0.301664,"ops/us"
"hr.hrg.dialog.core.AllocationBenchmark.hashStringUtf16:gc.alloc.rate","thrpt",1,7,0.006611,0.000030,"MB/sec"
"hr.hrg.dialog.core.AllocationBenchmark.hashStringUtf16:gc.alloc.rate.norm","thrpt",1,7,0.000139,0.000001,"B/op"
"hr.hrg.dialog.core.AllocationBenchmark.hashStringUtf16:gc.count","thrpt",1,7,0.000000,NaN,"counts"
"hr.hrg.dialog.core.AllocationBenchmark.streamingNewPerCall","thrpt",1,7,41.279601,0.747053,"ops/us"
"hr.hrg.dialog.core.AllocationBenchmark.streamingNewPerCall:gc.alloc.rate","thrpt",1,7,5352.897139,96.924496,"MB/sec"
"hr.hrg.dialog.core.AllocationBenchmark.streamingNewPerCall:gc.alloc.rate.norm","thrpt",1,7,136.000169,0.000003,"B/op"
"hr.hrg.dialog.core.AllocationBenchmark.streamingNewPerCall:gc.count","thrpt",1,7,52.000000,NaN,"counts"
"hr.hrg.dialog.core.AllocationBenchmark.streamingNewPerCall:gc.time","thrpt",1,7,37.000000,NaN,"ms"
"hr.hrg.dialog.core.AllocationBenchmark.streamingReused","thrpt",1,7,44.341773,1.525112,"ops/us"
"hr.hrg.dialog.core.AllocationBenchmark.streamingReused:gc.alloc.rate","thrpt",1,7,0.006572,0.000084,"MB/sec"
"hr.hrg.dialog.core.AllocationBenchmark.streamingReused:gc.alloc.rate.norm","thrpt",1,7,0.000155,0.000005,"B/op"
"hr.hrg.dialog.core.AllocationBenchmark.streamingReused:gc.count","thrpt",1,7,0.000000,NaN,"counts"
"hr.hrg.dialog.core.AllocationBenchmark.stringBytes","thrpt",1,7,42.958924,2.558245,"ops/us"
"hr.hrg.dialog.core.AllocationBenchmark.stringBytes:gc.alloc.rate","thrpt",1,7,0.006588,0.000098,"MB/sec"
"hr.hrg.dialog.core.AllocationBenchmark.stringBytes:gc.alloc.rate.norm","thrpt",1,7,0.000161,0.000008,"B/op"
"hr.hrg.dialog.core.AllocationBenchmark.stringBytes:gc.count","thrpt",1,7,0.000000,NaN,"counts"
